USE krautundrueben;

INSERT INTO ALLERGENE (ALLERGENNR, NAME) VALUES (0, 'keine');

INSERT INTO ALLERGENE (ALLERGENNR, NAME) VALUES (1, 'Nüsse');

INSERT INTO ALLERGENE (ALLERGENNR, NAME) VALUES (2, 'Laktose');

INSERT INTO ALLERGENE (ALLERGENNR, NAME) VALUES (3, 'Gluten');

INSERT INTO ALLERGENE (ALLERGENNR, NAME) VALUES (4, 'Tomate'); 


INSERT INTO ERNAEHRUNGSKATEGORIE (KATEGORIENR, NAME) VALUES (0, 'keine');

INSERT INTO ERNAEHRUNGSKATEGORIE (KATEGORIENR, NAME) VALUES (1, 'Vegan'); 

INSERT INTO ERNAEHRUNGSKATEGORIE (KATEGORIENR, NAME) VALUES (2, 'Vegetarisch'); 

INSERT INTO ERNAEHRUNGSKATEGORIE (KATEGORIENR, NAME) VALUES (3, 'Low Carb'); 

INSERT INTO ERNAEHRUNGSKATEGORIE (KATEGORIENR, NAME) VALUES (4, 'High Protein'); 


INSERT INTO REGION (REGIONSNR, PLZ, ORT) VALUES (1,'20249','Hamburg');
INSERT INTO REGION (REGIONSNR, PLZ, ORT) VALUES (2,'22765','Hamburg');
INSERT INTO REGION (REGIONSNR, PLZ, ORT) VALUES (3,'21635','Jork');

INSERT INTO KUNDE (KUNDENNR, NACHNAME, VORNAME, GEBURTSDATUM, STRASSE, HAUSNR, REGIONSNR, TELEFON, EMAIL) VALUES (2001, 'Wellensteyn','Kira','1990-05-05','Eppendorfer Landstrasse', '104', '1','040/443322','k.wellensteyn@yahoo.de');

INSERT INTO KUNDE (KUNDENNR, NACHNAME, VORNAME, GEBURTSDATUM, STRASSE, HAUSNR, REGIONSNR, TELEFON, EMAIL) VALUES (2002, 'Foede','Dorothea','2000-03-24','Ohmstraße', '23', '1','040/543822','d.foede@web.de');

INSERT INTO KUNDE (KUNDENNR, NACHNAME, VORNAME, GEBURTSDATUM, STRASSE, HAUSNR, REGIONSNR, TELEFON, EMAIL) VALUES (2003, 'Leberer','Sigrid','1989-09-21','Bilser Berg', '6', '2','0175/1234588','sigrid@leberer.de');

INSERT INTO KUNDE (KUNDENNR, NACHNAME, VORNAME, GEBURTSDATUM, STRASSE, HAUSNR, REGIONSNR, TELEFON, EMAIL) VALUES (2004, 'Soerensen','Hanna','1974-04-03','Alter Teichweg', '95', '2','040/634578','h.soerensen@yahoo.de');

INSERT INTO KUNDE (KUNDENNR, NACHNAME, VORNAME, GEBURTSDATUM, STRASSE, HAUSNR, REGIONSNR, TELEFON, EMAIL) VALUES (2005, 'Schnitter','Marten','1964-04-17','Stübels', '10', '2','0176/447587','schni_mart@gmail.com');

INSERT INTO KUNDE (KUNDENNR, NACHNAME, VORNAME, GEBURTSDATUM, STRASSE, HAUSNR, REGIONSNR, TELEFON, EMAIL) VALUES (2006, 'Maurer','Belinda','1978-09-09','Grotelertwiete', '4a', '2','040/332189','belinda1978@yahoo.de');

INSERT INTO KUNDE (KUNDENNR, NACHNAME, VORNAME, GEBURTSDATUM, STRASSE, HAUSNR, REGIONSNR, TELEFON, EMAIL) VALUES (2007, 'Gessert','Armin','1978-01-29','Küstersweg', '3', '1','040/67890','armin@gessert.de');

INSERT INTO KUNDE (KUNDENNR, NACHNAME, VORNAME, GEBURTSDATUM, STRASSE, HAUSNR, REGIONSNR, TELEFON, EMAIL) VALUES (2008, 'Haessig','Jean-Marc','1982-08-30','Neugrabener Bahnhofstraße', '30', '3','0178-67013390','jm@haessig.de');

INSERT INTO KUNDE (KUNDENNR, NACHNAME, VORNAME, GEBURTSDATUM, STRASSE, HAUSNR, REGIONSNR, TELEFON, EMAIL) VALUES (2009, 'Urocki','Eric','1999-12-04','Elbchaussee', '228', '3','0152-96701390','urocki@outlook.de');

INSERT INTO LIEFERANT (LIEFERANTENNR, LIEFERANTENNAME, STRASSE, HAUSNR, REGIONSNR, TELEFON, EMAIL) values (101, 'Bio-Hof Müller', 'Dorfstraße', '74', '1', '04354-9080', 'mueller@biohof.de');

INSERT INTO LIEFERANT (LIEFERANTENNR, LIEFERANTENNAME, STRASSE, HAUSNR, REGIONSNR, TELEFON, EMAIL) values (102, 'Obst-Hof Altes Land', 'Westerjork 74', '76', '3', '04162-4523', 'info@biohof-altesland.de');

INSERT INTO LIEFERANT (LIEFERANTENNR, LIEFERANTENNAME, STRASSE, HAUSNR, REGIONSNR, TELEFON, EMAIL) values (103, 'Molkerei Henning', 'Molkereiwegkundekunde', '13','3', '038873-8976', 'info@molkerei-henning.de');


INSERT INTO ZUTAT (ZUTATENNR, BEZEICHNUNG, EINHEIT, NETTOPREIS, BESTAND, lieferant, KALORIEN, KOHLENHYDRATE, PROTEIN, ALLERGENNR, CO2) VALUES (1001,'Zucchini','Gramm', 0.89, 100, 101,19,2,1.6, 0, 20);

INSERT INTO ZUTAT (ZUTATENNR, BEZEICHNUNG, EINHEIT, NETTOPREIS, BESTAND, lieferant, KALORIEN, KOHLENHYDRATE, PROTEIN, ALLERGENNR, CO2) VALUES (1002,'Zwiebel','Gramm', 0.15, 50, 101, 28, 4.9, 1.20, 0, 20);

INSERT INTO ZUTAT (ZUTATENNR, BEZEICHNUNG, EINHEIT, NETTOPREIS, BESTAND, lieferant, KALORIEN, KOHLENHYDRATE, PROTEIN, ALLERGENNR, CO2) VALUES (1003, 'Tomate', 'Gramm', 0.45, 50, 101, 18, 2.6, 1, 4, 100);

INSERT INTO ZUTAT (ZUTATENNR, BEZEICHNUNG, EINHEIT, NETTOPREIS, BESTAND, lieferant, KALORIEN, KOHLENHYDRATE, PROTEIN, ALLERGENNR, CO2) VALUES (1004, 'Schalotte', 'Gramm', 0.20, 500, 101, 25, 3.3, 1.5, 0, 20);

INSERT INTO ZUTAT (ZUTATENNR, BEZEICHNUNG, EINHEIT, NETTOPREIS, BESTAND, lieferant, KALORIEN, KOHLENHYDRATE, PROTEIN, ALLERGENNR, CO2) VALUES (1005, 'Karotte', 'Gramm', 0.30, 500, 101, 41, 10, 0.9, 0, 10);

INSERT INTO ZUTAT (ZUTATENNR, BEZEICHNUNG, EINHEIT, NETTOPREIS, BESTAND, lieferant, KALORIEN, KOHLENHYDRATE, PROTEIN, ALLERGENNR, CO2) VALUES (1006, 'Kartoffel', 'Gramm', 0.15, 1500, 101, 71, 14.6, 2, 0, 20);

INSERT INTO ZUTAT (ZUTATENNR, BEZEICHNUNG, EINHEIT, NETTOPREIS, BESTAND, lieferant, KALORIEN, KOHLENHYDRATE, PROTEIN, ALLERGENNR, CO2) VALUES (1007, 'Rucola', 'Gramm', 0.90, 10, 101, 27, 2.1, 2.6, 0, 30);

INSERT INTO ZUTAT (ZUTATENNR, BEZEICHNUNG, EINHEIT, NETTOPREIS, BESTAND, lieferant, KALORIEN, KOHLENHYDRATE, PROTEIN, ALLERGENNR, CO2) VALUES (1008, 'Lauch', 'Gramm', 1.2, 35, 101, 29, 3.3, 2.1, 0, 20);

INSERT INTO ZUTAT (ZUTATENNR, BEZEICHNUNG, EINHEIT, NETTOPREIS, BESTAND, lieferant, KALORIEN, KOHLENHYDRATE, PROTEIN, ALLERGENNR, CO2) VALUES (1009, 'Knoblauch', 'Gramm', 0.25, 250, 101, 141, 28.4, 6.1, 0, 30);

INSERT INTO ZUTAT (ZUTATENNR, BEZEICHNUNG, EINHEIT, NETTOPREIS, BESTAND, lieferant, KALORIEN, KOHLENHYDRATE, PROTEIN, ALLERGENNR, CO2) VALUES (1010, 'Basilikum', 'Gramm', 1.3, 10, 101, 41, 5.1, 3.1, 0, 20);

INSERT INTO ZUTAT (ZUTATENNR, BEZEICHNUNG, EINHEIT, NETTOPREIS, BESTAND, lieferant, KALORIEN, KOHLENHYDRATE, PROTEIN, ALLERGENNR, CO2) VALUES (1011, 'Süßkartoffel', 'Gramm', 2.0, 200, 101, 86, 20, 1.6, 0, 15);

INSERT INTO ZUTAT (ZUTATENNR, BEZEICHNUNG, EINHEIT, NETTOPREIS, BESTAND, lieferant, KALORIEN, KOHLENHYDRATE, PROTEIN, ALLERGENNR, CO2) VALUES (1012, 'Schnittlauch', 'Gramm', 0.9, 10, 101, 28, 1, 3, 0, 20);

INSERT INTO ZUTAT (ZUTATENNR, BEZEICHNUNG, EINHEIT, NETTOPREIS, BESTAND, lieferant, KALORIEN, KOHLENHYDRATE, PROTEIN, ALLERGENNR, CO2) VALUES (2001, 'Apfel', 'Gramm', 1.2, 750, 102, 54, 14.4, 0.3, 0, 40);

INSERT INTO ZUTAT (ZUTATENNR, BEZEICHNUNG, EINHEIT, NETTOPREIS, BESTAND, lieferant, KALORIEN, KOHLENHYDRATE, PROTEIN, ALLERGENNR, CO2) VALUES (3001, 'Vollmilch. 3.5%', 'Gramm', 1.5, 50, 103, 65, 4.7, 3.4, 2, 170);

INSERT INTO ZUTAT (ZUTATENNR, BEZEICHNUNG, EINHEIT, NETTOPREIS, BESTAND, lieferant, KALORIEN, KOHLENHYDRATE, PROTEIN, ALLERGENNR, CO2) VALUES (3002, 'Mozzarella', 'Gramm', 3.5, 20, 103, 241, 1, 18.1, 2, 600);

INSERT INTO ZUTAT (ZUTATENNR, BEZEICHNUNG, EINHEIT, NETTOPREIS, BESTAND, lieferant, KALORIEN, KOHLENHYDRATE, PROTEIN, ALLERGENNR, CO2) VALUES (3003, 'Butter', 'Gramm', 3.0, 50, 103, 741, 0.6, 0.7, 2, 1150);

INSERT INTO ZUTAT (ZUTATENNR, BEZEICHNUNG, EINHEIT, NETTOPREIS, BESTAND, lieferant, KALORIEN, KOHLENHYDRATE, PROTEIN, ALLERGENNR, CO2) VALUES (4001, 'Ei', 'Gramm', 0.4, 300, 102, 137, 1.5, 11.9, 0, 300);

INSERT INTO ZUTAT (ZUTATENNR, BEZEICHNUNG, EINHEIT, NETTOPREIS, BESTAND, lieferant, KALORIEN, KOHLENHYDRATE, PROTEIN, ALLERGENNR, CO2) VALUES (5001, 'Wiener Würstchen', 'Gramm', 1.8, 40, 101, 331, 1.2, 9.9, 0, 350);

INSERT INTO ZUTAT (ZUTATENNR, BEZEICHNUNG, EINHEIT, NETTOPREIS, BESTAND, lieferant, KALORIEN, KOHLENHYDRATE, PROTEIN, ALLERGENNR, CO2) VALUES (9001, 'Tofu-Würstchen', 'Gramm', 1.8, 20, 103, 252, 7, 17, 0, 150);

INSERT INTO ZUTAT (ZUTATENNR, BEZEICHNUNG, EINHEIT, NETTOPREIS, BESTAND, lieferant, KALORIEN, KOHLENHYDRATE, PROTEIN, ALLERGENNR, CO2) VALUES (6408, 'Couscous', 'Gramm', 1.9, 15, 102, 351, 67, 12, 3, 60);

INSERT INTO ZUTAT (ZUTATENNR, BEZEICHNUNG, EINHEIT, NETTOPREIS, BESTAND, lieferant, KALORIEN, KOHLENHYDRATE, PROTEIN, ALLERGENNR, CO2) VALUES (7043, 'Gemüsebrühe', 'Gramm', 0.2, 4000, 101, 1, 0.5, 0.5, 0, 40);

INSERT INTO ZUTAT (ZUTATENNR, BEZEICHNUNG, EINHEIT, NETTOPREIS, BESTAND, lieferant, KALORIEN, KOHLENHYDRATE, PROTEIN, ALLERGENNR, CO2) VALUES (6300, 'Kichererbsen', 'Gramm', 1.0, 400, 103, 150, 21.2, 9, 0, 130);

INSERT INTO BESTELLUNG (KUNDENNR, BESTELLDATUM, RECHNUNGSBETRAG) VALUES (2001,'2020-07-01', 6.21);

INSERT INTO BESTELLUNG (KUNDENNR, BESTELLDATUM, RECHNUNGSBETRAG) VALUES (2002,'2020-07-08', 32.96);

INSERT INTO BESTELLUNG (KUNDENNR, BESTELLDATUM, RECHNUNGSBETRAG) VALUES (2003,'2020-08-01',24.08);

INSERT INTO BESTELLUNG (KUNDENNR, BESTELLDATUM, RECHNUNGSBETRAG) VALUES (2004,'2020-08-02', 19.90);

INSERT INTO BESTELLUNG (KUNDENNR, BESTELLDATUM, RECHNUNGSBETRAG) VALUES (2005,'2020-08-02', 6.47);

INSERT INTO BESTELLUNG (KUNDENNR, BESTELLDATUM, RECHNUNGSBETRAG) VALUES (2006,'2020-08-10', 6.96);

INSERT INTO BESTELLUNG (KUNDENNR, BESTELLDATUM, RECHNUNGSBETRAG) VALUES (2007,'2020-08-10', 2.41);

INSERT INTO BESTELLUNG (KUNDENNR, BESTELLDATUM, RECHNUNGSBETRAG) VALUES (2008,'2020-08-10', 13.80);

INSERT INTO BESTELLUNG (KUNDENNR, BESTELLDATUM, RECHNUNGSBETRAG) VALUES (2009,'2020-08-10', 8.67);

INSERT INTO BESTELLUNG (KUNDENNR, BESTELLDATUM, RECHNUNGSBETRAG) VALUES (2007,'2020-08-15', 17.98);

INSERT INTO BESTELLUNG (KUNDENNR, BESTELLDATUM, RECHNUNGSBETRAG) VALUES (2005,'2020-08-12', 8.67);

INSERT INTO BESTELLUNG (KUNDENNR, BESTELLDATUM, RECHNUNGSBETRAG) VALUES (2003,'2020-08-13', 20.87);


INSERT INTO REZEPT(REZEPTNR, NAME, ANLEITUNG) VALUES (1, 'Bratkartoffeln', 'Kartoffeln kochen. Butter in die Pfanne geben und schmelzen lassen. Zwiebeln glasig anbraten. Geschälte Kartoffeln in Scheiben schneiden und in die Pfanne geben. Nach belieben würzen.');

INSERT INTO REZEPT(REZEPTNR, NAME, ANLEITUNG) VALUES (2, 'Gemüsesuppe', 'Gemüse in Stücke schneiden und in einem Topf mit Wasser und Gemüsebrühe köcheln. Gegen Ende klein geschnittenen Schniitlauch unterrühren.');

INSERT INTO REZEPT(REZEPTNR, NAME, ANLEITUNG) VALUES (3, 'Salat', 'Alles klein schneiden und in einer Schüssel vermischen. Dressing nach Bedarf.');

INSERT INTO REZEPT(REZEPTNR, NAME, ANLEITUNG) VALUES (4, 'Tomate-Mozzarella', 'Tomate und Mozzarella in Scheiben schneiden und schön auf einen Teller anrichten. Darauf Basilikum dekorativ verteilen.');

INSERT INTO REZEPT(REZEPTNR, NAME, ANLEITUNG) VALUES (5, 'Kartoffel-Gratin Spezial', 'Kartoffeln kochen und danach schälen und in Scheiben schneiden. Alles in eine Auflaufform geben Käse drüber streuen und im Ofen backen.');


INSERT INTO BESTELLUNGREZEPT(BESTELLNR, REZEPTNR, MENGE) VALUES (1, 1, 5);

INSERT INTO BESTELLUNGREZEPT(BESTELLNR, REZEPTNR, MENGE) VALUES (1, 2, 3);

INSERT INTO BESTELLUNGREZEPT(BESTELLNR, REZEPTNR, MENGE) VALUES (1, 4, 2);

INSERT INTO BESTELLUNGREZEPT(BESTELLNR, REZEPTNR, MENGE) VALUES (1, 5, 3);

INSERT INTO BESTELLUNGREZEPT(BESTELLNR, REZEPTNR, MENGE) VALUES (2, 2, 10);

INSERT INTO BESTELLUNGREZEPT(BESTELLNR, REZEPTNR, MENGE) VALUES (2, 3, 5);

INSERT INTO BESTELLUNGREZEPT(BESTELLNR, REZEPTNR, MENGE) VALUES (2, 4, 4);

INSERT INTO BESTELLUNGREZEPT(BESTELLNR, REZEPTNR, MENGE) VALUES (2, 1, 5);

INSERT INTO BESTELLUNGREZEPT(BESTELLNR, REZEPTNR, MENGE) VALUES (3, 2, 15);

INSERT INTO BESTELLUNGREZEPT(BESTELLNR, REZEPTNR, MENGE) VALUES (3, 1, 5);

INSERT INTO BESTELLUNGREZEPT(BESTELLNR, REZEPTNR, MENGE) VALUES (4, 5, 7);

INSERT INTO BESTELLUNGREZEPT(BESTELLNR, REZEPTNR, MENGE) VALUES (4, 1, 2);

INSERT INTO BESTELLUNGREZEPT(BESTELLNR, REZEPTNR, MENGE) VALUES (5, 3, 4);

INSERT INTO BESTELLUNGREZEPT(BESTELLNR, REZEPTNR, MENGE) VALUES (5, 4, 5);

INSERT INTO BESTELLUNGREZEPT(BESTELLNR, REZEPTNR, MENGE) VALUES (5, 2, 5);

INSERT INTO BESTELLUNGREZEPT(BESTELLNR, REZEPTNR, MENGE) VALUES (7, 1, 9);

INSERT INTO BESTELLUNGREZEPT(BESTELLNR, REZEPTNR, MENGE) VALUES (6, 4, 5);

INSERT INTO BESTELLUNGREZEPT(BESTELLNR, REZEPTNR, MENGE) VALUES (8, 2, 5);

INSERT INTO BESTELLUNGREZEPT(BESTELLNR, REZEPTNR, MENGE) VALUES (8, 1, 7);

INSERT INTO BESTELLUNGREZEPT(BESTELLNR, REZEPTNR, MENGE) VALUES (9, 3, 4);

INSERT INTO BESTELLUNGREZEPT(BESTELLNR, REZEPTNR, MENGE) VALUES (9, 4, 5);

INSERT INTO BESTELLUNGREZEPT(BESTELLNR, REZEPTNR, MENGE) VALUES (10, 5, 7);

INSERT INTO BESTELLUNGREZEPT(BESTELLNR, REZEPTNR, MENGE) VALUES (10, 1, 7);

INSERT INTO BESTELLUNGREZEPT(BESTELLNR, REZEPTNR, MENGE) VALUES (11, 2, 2);

INSERT INTO BESTELLUNGREZEPT(BESTELLNR, REZEPTNR, MENGE) VALUES (11, 3, 5);

INSERT INTO BESTELLUNGREZEPT(BESTELLNR, REZEPTNR, MENGE) VALUES (12, 4, 15);


INSERT INTO REZEPTZUTAT(REZEPTNR, ZUTATENNR, MENGE) VALUES (1, 1006, 200);
INSERT INTO REZEPTZUTAT(REZEPTNR, ZUTATENNR, MENGE) VALUES (1, 3003, 10);
INSERT INTO REZEPTZUTAT(REZEPTNR, ZUTATENNR, MENGE) VALUES (1, 1002, 20);

INSERT INTO REZEPTZUTAT(REZEPTNR, ZUTATENNR, MENGE) VALUES (2, 7043, 10);
INSERT INTO REZEPTZUTAT(REZEPTNR, ZUTATENNR, MENGE) VALUES (2, 1006, 70);
INSERT INTO REZEPTZUTAT(REZEPTNR, ZUTATENNR, MENGE) VALUES (2, 1005, 50);
INSERT INTO REZEPTZUTAT(REZEPTNR, ZUTATENNR, MENGE) VALUES (2, 1008, 50);
INSERT INTO REZEPTZUTAT(REZEPTNR, ZUTATENNR, MENGE) VALUES (2, 1012, 10);

INSERT INTO REZEPTZUTAT(REZEPTNR, ZUTATENNR, MENGE) VALUES (3, 1007, 30);
INSERT INTO REZEPTZUTAT(REZEPTNR, ZUTATENNR, MENGE) VALUES (3, 1005, 30);
INSERT INTO REZEPTZUTAT(REZEPTNR, ZUTATENNR, MENGE) VALUES (3, 6408, 50);
INSERT INTO REZEPTZUTAT(REZEPTNR, ZUTATENNR, MENGE) VALUES (3, 1003, 50);

INSERT INTO REZEPTZUTAT(REZEPTNR, ZUTATENNR, MENGE) VALUES (4, 1003, 100);
INSERT INTO REZEPTZUTAT(REZEPTNR, ZUTATENNR, MENGE) VALUES (4, 3002, 100);
INSERT INTO REZEPTZUTAT(REZEPTNR, ZUTATENNR, MENGE) VALUES (4, 1010, 10);

INSERT INTO REZEPTZUTAT(REZEPTNR, ZUTATENNR, MENGE) VALUES (5, 1006, 100);
INSERT INTO REZEPTZUTAT(REZEPTNR, ZUTATENNR, MENGE) VALUES (5, 1005, 30);
INSERT INTO REZEPTZUTAT(REZEPTNR, ZUTATENNR, MENGE) VALUES (5, 1008, 30);
INSERT INTO REZEPTZUTAT(REZEPTNR, ZUTATENNR, MENGE) VALUES (5, 1009, 10);
INSERT INTO REZEPTZUTAT(REZEPTNR, ZUTATENNR, MENGE) VALUES (5, 3001, 50);
INSERT INTO REZEPTZUTAT(REZEPTNR, ZUTATENNR, MENGE) VALUES (5, 3002, 50);
INSERT INTO REZEPTZUTAT(REZEPTNR, ZUTATENNR, MENGE) VALUES (5, 7043, 10);


INSERT INTO REZEPTERNAEHRUNGSKATEGORIE(REZEPTNR, KATEGORIENR) VALUES (1, 2);
INSERT INTO REZEPTERNAEHRUNGSKATEGORIE(REZEPTNR, KATEGORIENR) VALUES (2, 1);
INSERT INTO REZEPTERNAEHRUNGSKATEGORIE(REZEPTNR, KATEGORIENR) VALUES (3, 1);
INSERT INTO REZEPTERNAEHRUNGSKATEGORIE(REZEPTNR, KATEGORIENR) VALUES (4, 2);
INSERT INTO REZEPTERNAEHRUNGSKATEGORIE(REZEPTNR, KATEGORIENR) VALUES (5, 2);

COMMIT WORK;




